n,algorithm,seed,success,time,nodes,solution
4,backtracking,0,1,1.5497207641601562e-05,8,"[2, 0, 3, 1]"
4,backtracking,1,1,4.291534423828125e-06,4,"[1, 3, 0, 2]"
4,backtracking,2,1,3.5762786865234375e-06,4,"[2, 0, 3, 1]"
4,backtracking,3,1,1.0013580322265625e-05,8,"[2, 0, 3, 1]"
4,backtracking,4,1,9.059906005859375e-06,8,"[1, 3, 0, 2]"
4,backtracking,5,1,1.430511474609375e-05,12,"[2, 0, 3, 1]"
4,backtracking,6,1,1.4066696166992188e-05,12,"[2, 0, 3, 1]"
4,backtracking,7,1,4.0531158447265625e-06,4,"[2, 0, 3, 1]"
4,backtracking,8,1,1.2874603271484375e-05,8,"[1, 3, 0, 2]"
4,backtracking,9,1,2.86102294921875e-06,4,"[1, 3, 0, 2]"
4,backtracking,10,1,9.298324584960938e-06,8,"[2, 0, 3, 1]"
4,backtracking,11,1,4.76837158203125e-06,4,"[2, 0, 3, 1]"
4,backtracking,12,1,1.430511474609375e-05,12,"[2, 0, 3, 1]"
4,backtracking,13,1,8.821487426757812e-06,8,"[2, 0, 3, 1]"
4,backtracking,14,1,3.5762786865234375e-06,4,"[1, 3, 0, 2]"
4,backtracking,15,1,2.86102294921875e-06,4,"[2, 0, 3, 1]"
4,backtracking,16,1,2.86102294921875e-06,4,"[2, 0, 3, 1]"
4,backtracking,17,1,1.430511474609375e-05,12,"[1, 3, 0, 2]"
4,backtracking,18,1,3.337860107421875e-06,4,"[2, 0, 3, 1]"
4,backtracking,19,1,8.344650268554688e-06,8,"[1, 3, 0, 2]"
4,backtracking,20,1,1.5735626220703125e-05,12,"[2, 0, 3, 1]"
4,backtracking,21,1,9.059906005859375e-06,8,"[1, 3, 0, 2]"
4,backtracking,22,1,1.0013580322265625e-05,8,"[1, 3, 0, 2]"
4,backtracking,23,1,4.0531158447265625e-06,4,"[2, 0, 3, 1]"
4,backtracking,24,1,3.0994415283203125e-06,4,"[1, 3, 0, 2]"
4,backtracking,25,1,8.58306884765625e-06,8,"[2, 0, 3, 1]"
4,backtracking,26,1,8.821487426757812e-06,8,"[1, 3, 0, 2]"
4,backtracking,27,1,3.5762786865234375e-06,4,"[1, 3, 0, 2]"
4,backtracking,28,1,1.3589859008789062e-05,12,"[1, 3, 0, 2]"
4,backtracking,29,1,8.58306884765625e-06,8,"[1, 3, 0, 2]"
4,forward_checking,0,1,3.0040740966796875e-05,6,"[2, 0, 3, 1]"
4,forward_checking,1,1,1.1920928955078125e-05,4,"[1, 3, 0, 2]"
4,forward_checking,2,1,1.049041748046875e-05,4,"[2, 0, 3, 1]"
4,forward_checking,3,1,1.7404556274414062e-05,6,"[2, 0, 3, 1]"
4,forward_checking,4,1,1.6450881958007812e-05,6,"[1, 3, 0, 2]"
4,forward_checking,5,1,2.3603439331054688e-05,8,"[2, 0, 3, 1]"
4,forward_checking,6,1,2.3365020751953125e-05,8,"[2, 0, 3, 1]"
4,forward_checking,7,1,8.344650268554688e-06,4,"[2, 0, 3, 1]"
4,forward_checking,8,1,1.5974044799804688e-05,6,"[1, 3, 0, 2]"
4,forward_checking,9,1,8.106231689453125e-06,4,"[1, 3, 0, 2]"
4,forward_checking,10,1,1.5735626220703125e-05,6,"[2, 0, 3, 1]"
4,forward_checking,11,1,8.344650268554688e-06,4,"[2, 0, 3, 1]"
4,forward_checking,12,1,2.288818359375e-05,8,"[2, 0, 3, 1]"
4,forward_checking,13,1,1.5974044799804688e-05,6,"[2, 0, 3, 1]"
4,forward_checking,14,1,1.0013580322265625e-05,4,"[1, 3, 0, 2]"
4,forward_checking,15,1,8.106231689453125e-06,4,"[2, 0, 3, 1]"
4,forward_checking,16,1,8.106231689453125e-06,4,"[2, 0, 3, 1]"
4,forward_checking,17,1,2.3126602172851562e-05,8,"[1, 3, 0, 2]"
4,forward_checking,18,1,7.867813110351562e-06,4,"[2, 0, 3, 1]"
4,forward_checking,19,1,1.5735626220703125e-05,6,"[1, 3, 0, 2]"
4,forward_checking,20,1,2.2649765014648438e-05,8,"[2, 0, 3, 1]"
4,forward_checking,21,1,1.52587890625e-05,6,"[1, 3, 0, 2]"
4,forward_checking,22,1,1.5497207641601562e-05,6,"[1, 3, 0, 2]"
4,forward_checking,23,1,8.344650268554688e-06,4,"[2, 0, 3, 1]"
4,forward_checking,24,1,1.0728836059570312e-05,4,"[1, 3, 0, 2]"
4,forward_checking,25,1,1.5497207641601562e-05,6,"[2, 0, 3, 1]"
4,forward_checking,26,1,1.7404556274414062e-05,6,"[1, 3, 0, 2]"
4,forward_checking,27,1,7.867813110351562e-06,4,"[1, 3, 0, 2]"
4,forward_checking,28,1,2.2649765014648438e-05,8,"[1, 3, 0, 2]"
4,forward_checking,29,1,1.5974044799804688e-05,6,"[1, 3, 0, 2]"
8,backtracking,0,1,0.00010633468627929688,35,"[3, 0, 4, 7, 5, 2, 6, 1]"
8,backtracking,1,1,0.00012183189392089844,42,"[6, 3, 1, 4, 7, 0, 2, 5]"
8,backtracking,2,1,0.00011992454528808594,40,"[2, 0, 6, 4, 7, 1, 3, 5]"
8,backtracking,3,1,3.314018249511719e-05,14,"[4, 1, 3, 6, 2, 7, 5, 0]"
8,backtracking,4,1,8.988380432128906e-05,30,"[3, 0, 4, 7, 5, 2, 6, 1]"
8,backtracking,5,1,7.915496826171875e-05,28,"[6, 2, 7, 1, 4, 0, 5, 3]"
8,backtracking,6,1,0.0004596710205078125,150,"[7, 2, 0, 5, 1, 4, 6, 3]"
8,backtracking,7,1,1.1444091796875e-05,8,"[2, 5, 7, 0, 4, 6, 1, 3]"
8,backtracking,8,1,8.320808410644531e-05,25,"[0, 6, 3, 5, 7, 1, 4, 2]"
8,backtracking,9,1,2.9087066650390625e-05,13,"[7, 1, 3, 0, 6, 4, 2, 5]"
8,backtracking,10,1,1.7881393432617188e-05,10,"[2, 7, 3, 6, 0, 5, 1, 4]"
8,backtracking,11,1,0.0001087188720703125,34,"[3, 0, 4, 7, 1, 6, 2, 5]"
8,backtracking,12,1,7.557868957519531e-05,26,"[6, 0, 2, 7, 5, 3, 1, 4]"
8,backtracking,13,1,4.887580871582031e-05,19,"[6, 0, 2, 7, 5, 3, 1, 4]"
8,backtracking,14,1,1.6689300537109375e-05,9,"[4, 1, 3, 5, 7, 2, 0, 6]"
8,backtracking,15,1,0.00011372566223144531,37,"[6, 0, 2, 7, 5, 3, 1, 4]"
8,backtracking,16,1,1.0967254638671875e-05,8,"[3, 6, 4, 1, 5, 0, 2, 7]"
8,backtracking,17,1,7.2479248046875e-05,25,"[2, 0, 6, 4, 7, 1, 3, 5]"
8,backtracking,18,1,0.00010347366333007812,33,"[5, 1, 6, 0, 3, 7, 4, 2]"
8,backtracking,19,1,3.8623809814453125e-05,16,"[7, 1, 4, 2, 0, 6, 3, 5]"
8,backtracking,20,1,4.982948303222656e-05,19,"[7, 2, 0, 5, 1, 4, 6, 3]"
8,backtracking,21,1,0.00010704994201660156,35,"[2, 7, 3, 6, 0, 5, 1, 4]"
8,backtracking,22,1,9.775161743164062e-05,32,"[7, 2, 0, 5, 1, 4, 6, 3]"
8,backtracking,23,1,4.935264587402344e-05,19,"[7, 2, 0, 5, 1, 4, 6, 3]"
8,backtracking,24,1,4.744529724121094e-05,17,"[1, 5, 0, 6, 3, 7, 2, 4]"
8,backtracking,25,1,5.435943603515625e-05,19,"[5, 7, 1, 3, 0, 6, 4, 2]"
8,backtracking,26,1,8.940696716308594e-05,31,"[7, 2, 0, 5, 1, 4, 6, 3]"
8,backtracking,27,1,2.2172927856445312e-05,10,"[3, 7, 0, 4, 6, 1, 5, 2]"
8,backtracking,28,1,6.461143493652344e-05,23,"[0, 6, 4, 7, 1, 3, 5, 2]"
8,backtracking,29,1,1.5735626220703125e-05,8,"[5, 3, 0, 4, 7, 1, 6, 2]"
8,forward_checking,0,1,8.654594421386719e-05,14,"[3, 0, 4, 7, 5, 2, 6, 1]"
8,forward_checking,1,1,0.00014019012451171875,25,"[6, 3, 1, 4, 7, 0, 2, 5]"
8,forward_checking,2,1,0.00011301040649414062,20,"[2, 0, 6, 4, 7, 1, 3, 5]"
8,forward_checking,3,1,5.459785461425781e-05,11,"[4, 1, 3, 6, 2, 7, 5, 0]"
8,forward_checking,4,1,0.00022673606872558594,17,"[3, 0, 4, 7, 5, 2, 6, 1]"
8,forward_checking,5,1,8.320808410644531e-05,15,"[6, 2, 7, 1, 4, 0, 5, 3]"
8,forward_checking,6,1,0.00045871734619140625,75,"[7, 2, 0, 5, 1, 4, 6, 3]"
8,forward_checking,7,1,3.361701965332031e-05,8,"[2, 5, 7, 0, 4, 6, 1, 3]"
8,forward_checking,8,1,7.867813110351562e-05,15,"[0, 6, 3, 5, 7, 1, 4, 2]"
8,forward_checking,9,1,4.315376281738281e-05,9,"[7, 1, 3, 0, 6, 4, 2, 5]"
8,forward_checking,10,1,3.8623809814453125e-05,8,"[2, 7, 3, 6, 0, 5, 1, 4]"
8,forward_checking,11,1,0.00010657310485839844,20,"[3, 0, 4, 7, 1, 6, 2, 5]"
8,forward_checking,12,1,8.320808410644531e-05,16,"[6, 0, 2, 7, 5, 3, 1, 4]"
8,forward_checking,13,1,6.961822509765625e-05,14,"[6, 0, 2, 7, 5, 3, 1, 4]"
8,forward_checking,14,1,3.62396240234375e-05,8,"[4, 1, 3, 5, 7, 2, 0, 6]"
8,forward_checking,15,1,0.00011610984802246094,21,"[6, 0, 2, 7, 5, 3, 1, 4]"
8,forward_checking,16,1,3.314018249511719e-05,8,"[3, 6, 4, 1, 5, 0, 2, 7]"
8,forward_checking,17,1,7.605552673339844e-05,15,"[2, 0, 6, 4, 7, 1, 3, 5]"
8,forward_checking,18,1,0.00010561943054199219,20,"[5, 1, 6, 0, 3, 7, 4, 2]"
8,forward_checking,19,1,5.7697296142578125e-05,12,"[7, 1, 4, 2, 0, 6, 3, 5]"
8,forward_checking,20,1,6.842613220214844e-05,14,"[7, 2, 0, 5, 1, 4, 6, 3]"
8,forward_checking,21,1,0.00011801719665527344,22,"[2, 7, 3, 6, 0, 5, 1, 4]"
8,forward_checking,22,1,0.00010609626770019531,19,"[7, 2, 0, 5, 1, 4, 6, 3]"
8,forward_checking,23,1,6.818771362304688e-05,14,"[7, 2, 0, 5, 1, 4, 6, 3]"
8,forward_checking,24,1,5.7220458984375e-05,11,"[1, 5, 0, 6, 3, 7, 2, 4]"
8,forward_checking,25,1,5.2928924560546875e-05,10,"[5, 7, 1, 3, 0, 6, 4, 2]"
8,forward_checking,26,1,0.00010538101196289062,19,"[7, 2, 0, 5, 1, 4, 6, 3]"
8,forward_checking,27,1,3.933906555175781e-05,9,"[3, 7, 0, 4, 6, 1, 5, 2]"
8,forward_checking,28,1,7.724761962890625e-05,14,"[0, 6, 4, 7, 1, 3, 5, 2]"
8,forward_checking,29,1,3.361701965332031e-05,8,"[5, 3, 0, 4, 7, 1, 6, 2]"
10,backtracking,0,1,0.00023984909057617188,52,"[3, 8, 2, 7, 9, 0, 5, 1, 4, 6]"
10,backtracking,1,1,0.0005156993865966797,114,"[9, 7, 1, 3, 0, 6, 8, 5, 2, 4]"
10,backtracking,2,1,0.0002582073211669922,57,"[8, 4, 1, 3, 0, 9, 7, 5, 2, 6]"
10,backtracking,3,1,0.0005631446838378906,118,"[8, 3, 5, 7, 1, 6, 0, 2, 4, 9]"
10,backtracking,4,1,0.0005068778991699219,111,"[0, 3, 5, 8, 2, 9, 7, 1, 4, 6]"
10,backtracking,5,1,2.7418136596679688e-05,12,"[4, 9, 5, 3, 1, 7, 2, 8, 6, 0]"
10,backtracking,6,1,8.320808410644531e-05,23,"[9, 2, 4, 1, 7, 0, 6, 3, 5, 8]"
10,backtracking,7,1,0.0006995201110839844,147,"[0, 9, 6, 4, 7, 1, 8, 2, 5, 3]"
10,backtracking,8,1,0.0006108283996582031,123,"[1, 8, 4, 9, 0, 3, 5, 7, 2, 6]"
10,backtracking,9,1,0.0001316070556640625,29,"[7, 1, 8, 2, 5, 3, 0, 9, 4, 6]"
10,backtracking,10,1,1.6689300537109375e-05,10,"[9, 1, 4, 8, 3, 0, 7, 5, 2, 6]"
10,backtracking,11,1,0.00013709068298339844,31,"[3, 8, 6, 2, 0, 5, 1, 4, 9, 7]"
10,backtracking,12,1,0.0001556873321533203,36,"[2, 7, 1, 6, 0, 9, 4, 8, 5, 3]"
10,backtracking,13,1,6.532669067382812e-05,18,"[0, 3, 8, 4, 7, 9, 2, 5, 1, 6]"
10,backtracking,14,1,0.00183868408203125,349,"[2, 0, 5, 8, 4, 9, 7, 3, 1, 6]"
10,backtracking,15,1,0.00011777877807617188,29,"[7, 5, 8, 1, 4, 0, 3, 6, 9, 2]"
10,backtracking,16,1,0.0002391338348388672,50,"[4, 7, 0, 2, 5, 8, 6, 9, 3, 1]"
10,backtracking,17,1,7.772445678710938e-05,23,"[0, 8, 5, 1, 6, 9, 2, 4, 7, 3]"
10,backtracking,18,1,0.0005280971527099609,109,"[5, 1, 6, 4, 0, 8, 3, 9, 7, 2]"
10,backtracking,19,1,0.00014257431030273438,32,"[2, 9, 7, 1, 3, 8, 6, 4, 0, 5]"
10,backtracking,20,1,0.00015234947204589844,37,"[0, 4, 9, 5, 8, 1, 3, 6, 2, 7]"
10,backtracking,21,1,0.0003464221954345703,75,"[8, 1, 4, 7, 0, 6, 9, 2, 5, 3]"
10,backtracking,22,1,8.058547973632812e-05,22,"[1, 8, 2, 9, 6, 3, 0, 4, 7, 5]"
10,backtracking,23,1,0.00039577484130859375,83,"[5, 7, 9, 0, 3, 1, 6, 8, 2, 4]"
10,backtracking,24,1,0.0003008842468261719,59,"[6, 0, 5, 8, 1, 3, 7, 2, 4, 9]"
10,backtracking,25,1,0.0002009868621826172,44,"[5, 8, 1, 9, 7, 2, 0, 3, 6, 4]"
10,backtracking,26,1,0.0004153251647949219,89,"[0, 6, 9, 5, 1, 8, 4, 2, 7, 3]"
10,backtracking,27,1,0.0002739429473876953,63,"[9, 6, 4, 1, 7, 0, 2, 8, 5, 3]"
10,backtracking,28,1,0.0001666545867919922,39,"[0, 5, 3, 8, 6, 2, 9, 1, 4, 7]"
10,backtracking,29,1,7.82012939453125e-05,22,"[0, 7, 1, 8, 5, 2, 9, 3, 6, 4]"
10,forward_checking,0,1,0.00023293495178222656,34,"[3, 8, 2, 7, 9, 0, 5, 1, 4, 6]"
10,forward_checking,1,1,0.00040650367736816406,56,"[9, 7, 1, 3, 0, 6, 8, 5, 2, 4]"
10,forward_checking,2,1,0.0001697540283203125,25,"[8, 4, 1, 3, 0, 9, 7, 5, 2, 6]"
10,forward_checking,3,1,0.0003936290740966797,53,"[8, 3, 5, 7, 1, 6, 0, 2, 4, 9]"
10,forward_checking,4,1,0.00035691261291503906,48,"[0, 3, 5, 8, 2, 9, 7, 1, 4, 6]"
10,forward_checking,5,1,6.103515625e-05,10,"[4, 9, 5, 3, 1, 7, 2, 8, 6, 0]"
10,forward_checking,6,1,9.751319885253906e-05,15,"[9, 2, 4, 1, 7, 0, 6, 3, 5, 8]"
10,forward_checking,7,1,0.0005390644073486328,71,"[0, 9, 6, 4, 7, 1, 8, 2, 5, 3]"
10,forward_checking,8,1,0.00043272972106933594,55,"[1, 8, 4, 9, 0, 3, 5, 7, 2, 6]"
10,forward_checking,9,1,0.0001227855682373047,19,"[7, 1, 8, 2, 5, 3, 0, 9, 4, 6]"
10,forward_checking,10,1,5.459785461425781e-05,10,"[9, 1, 4, 8, 3, 0, 7, 5, 2, 6]"
10,forward_checking,11,1,9.608268737792969e-05,14,"[3, 8, 6, 2, 0, 5, 1, 4, 9, 7]"
10,forward_checking,12,1,0.00013184547424316406,18,"[2, 7, 1, 6, 0, 9, 4, 8, 5, 3]"
10,forward_checking,13,1,7.939338684082031e-05,13,"[0, 3, 8, 4, 7, 9, 2, 5, 1, 6]"
10,forward_checking,14,1,0.0012357234954833984,170,"[2, 0, 5, 8, 4, 9, 7, 3, 1, 6]"
10,forward_checking,15,1,9.822845458984375e-05,13,"[7, 5, 8, 1, 4, 0, 3, 6, 9, 2]"
10,forward_checking,16,1,0.000164031982421875,20,"[4, 7, 0, 2, 5, 8, 6, 9, 3, 1]"
10,forward_checking,17,1,9.989738464355469e-05,15,"[0, 8, 5, 1, 6, 9, 2, 4, 7, 3]"
10,forward_checking,18,1,0.00042176246643066406,60,"[5, 1, 6, 4, 0, 8, 3, 9, 7, 2]"
10,forward_checking,19,1,0.0001399517059326172,21,"[2, 9, 7, 1, 3, 8, 6, 4, 0, 5]"
10,forward_checking,20,1,0.0001385211944580078,22,"[0, 4, 9, 5, 8, 1, 3, 6, 2, 7]"
10,forward_checking,21,1,0.00031256675720214844,49,"[8, 1, 4, 7, 0, 6, 9, 2, 5, 3]"
10,forward_checking,22,1,0.00010609626770019531,18,"[1, 8, 2, 9, 6, 3, 0, 4, 7, 5]"
10,forward_checking,23,1,0.0003256797790527344,47,"[5, 7, 9, 0, 3, 1, 6, 8, 2, 4]"
10,forward_checking,24,1,0.00024318695068359375,33,"[6, 0, 5, 8, 1, 3, 7, 2, 4, 9]"
10,forward_checking,25,1,0.00015878677368164062,23,"[5, 8, 1, 9, 7, 2, 0, 3, 6, 4]"
10,forward_checking,26,1,0.0002951622009277344,40,"[0, 6, 9, 5, 1, 8, 4, 2, 7, 3]"
10,forward_checking,27,1,0.00024271011352539062,35,"[9, 6, 4, 1, 7, 0, 2, 8, 5, 3]"
10,forward_checking,28,1,0.000133514404296875,19,"[0, 5, 3, 8, 6, 2, 9, 1, 4, 7]"
10,forward_checking,29,1,0.00010466575622558594,18,"[0, 7, 1, 8, 5, 2, 9, 3, 6, 4]"
12,backtracking,0,1,0.00027632713317871094,44,"[4, 2, 5, 10, 6, 11, 3, 7, 0, 8, 1, 9]"
12,backtracking,1,1,0.001069784164428711,166,"[11, 2, 8, 6, 3, 1, 10, 5, 0, 9, 7, 4]"
12,backtracking,2,1,0.00011205673217773438,24,"[7, 11, 3, 0, 6, 9, 2, 10, 1, 4, 8, 5]"
12,backtracking,3,1,0.0004119873046875,53,"[11, 6, 4, 0, 8, 5, 2, 10, 1, 7, 9, 3]"
12,backtracking,4,1,0.0021505355834960938,308,"[0, 9, 4, 6, 1, 10, 7, 11, 3, 8, 2, 5]"
12,backtracking,5,1,0.00012564659118652344,22,"[8, 5, 3, 0, 11, 4, 1, 9, 6, 2, 10, 7]"
12,backtracking,6,1,0.0015881061553955078,228,"[3, 10, 7, 5, 2, 0, 6, 11, 9, 1, 4, 8]"
12,backtracking,7,1,0.0006749629974365234,95,"[6, 8, 0, 2, 9, 5, 10, 1, 4, 11, 7, 3]"
12,backtracking,8,1,0.00010848045349121094,22,"[9, 2, 5, 10, 6, 1, 11, 7, 0, 3, 8, 4]"
12,backtracking,9,1,9.202957153320312e-05,19,"[4, 2, 10, 5, 11, 8, 0, 7, 3, 1, 6, 9]"
12,backtracking,10,1,0.0003094673156738281,53,"[0, 2, 9, 6, 3, 10, 8, 11, 4, 1, 7, 5]"
12,backtracking,11,1,0.0009784698486328125,139,"[9, 6, 1, 5, 11, 0, 7, 10, 4, 2, 8, 3]"
12,backtracking,12,1,0.00015163421630859375,30,"[9, 0, 10, 3, 6, 11, 1, 8, 5, 2, 4, 7]"
12,backtracking,13,1,0.0006818771362304688,91,"[3, 5, 7, 1, 11, 0, 8, 4, 2, 9, 6, 10]"
12,backtracking,14,1,2.86102294921875e-05,12,"[2, 6, 11, 7, 0, 3, 9, 4, 1, 8, 10, 5]"
12,backtracking,15,1,0.0002627372741699219,45,"[7, 11, 4, 6, 1, 3, 10, 8, 2, 5, 9, 0]"
12,backtracking,16,1,6.079673767089844e-05,17,"[9, 1, 6, 4, 11, 8, 0, 5, 10, 2, 7, 3]"
12,backtracking,17,1,0.0009741783142089844,138,"[3, 9, 2, 10, 8, 11, 5, 1, 6, 0, 7, 4]"
12,backtracking,18,1,0.0006895065307617188,102,"[2, 7, 9, 0, 5, 1, 10, 6, 11, 3, 8, 4]"
12,backtracking,19,1,0.0016374588012695312,245,"[10, 8, 2, 5, 3, 0, 7, 11, 4, 6, 1, 9]"
12,backtracking,20,1,0.0007936954498291016,121,"[1, 10, 7, 5, 0, 2, 4, 11, 8, 3, 9, 6]"
12,backtracking,21,1,0.0001354217529296875,27,"[10, 8, 5, 1, 4, 7, 0, 11, 9, 2, 6, 3]"
12,backtracking,22,1,6.461143493652344e-05,17,"[3, 9, 7, 4, 2, 11, 6, 1, 10, 8, 5, 0]"
12,backtracking,23,1,0.00016999244689941406,31,"[7, 4, 11, 1, 6, 9, 3, 8, 0, 2, 10, 5]"
12,backtracking,24,1,0.0014045238494873047,203,"[2, 9, 7, 0, 3, 6, 10, 1, 11, 5, 8, 4]"
12,backtracking,25,1,7.343292236328125e-05,17,"[9, 6, 1, 10, 0, 7, 4, 11, 8, 2, 5, 3]"
12,backtracking,26,1,0.0005676746368408203,86,"[0, 4, 6, 8, 10, 2, 7, 3, 1, 11, 9, 5]"
12,backtracking,27,1,3.814697265625e-05,13,"[1, 11, 5, 10, 4, 9, 0, 3, 7, 2, 8, 6]"
12,backtracking,28,1,0.0003418922424316406,55,"[4, 1, 8, 6, 11, 0, 7, 5, 10, 2, 9, 3]"
12,backtracking,29,1,0.0013470649719238281,177,"[5, 0, 11, 7, 4, 1, 8, 10, 3, 6, 2, 9]"
12,forward_checking,0,1,0.00026798248291015625,34,"[4, 2, 5, 10, 6, 11, 3, 7, 0, 8, 1, 9]"
12,forward_checking,1,1,0.0007245540618896484,82,"[11, 2, 8, 6, 3, 1, 10, 5, 0, 9, 7, 4]"
12,forward_checking,2,1,0.0001246929168701172,16,"[7, 11, 3, 0, 6, 9, 2, 10, 1, 4, 8, 5]"
12,forward_checking,3,1,0.00022101402282714844,27,"[11, 6, 4, 0, 8, 5, 2, 10, 1, 7, 9, 3]"
12,forward_checking,4,1,0.0012125968933105469,136,"[0, 9, 4, 6, 1, 10, 7, 11, 3, 8, 2, 5]"
12,forward_checking,5,1,0.00012540817260742188,16,"[8, 5, 3, 0, 11, 4, 1, 9, 6, 2, 10, 7]"
12,forward_checking,6,1,0.00101470947265625,119,"[3, 10, 7, 5, 2, 0, 6, 11, 9, 1, 4, 8]"
12,forward_checking,7,1,0.0004630088806152344,60,"[6, 8, 0, 2, 9, 5, 10, 1, 4, 11, 7, 3]"
12,forward_checking,8,1,0.00012969970703125,18,"[9, 2, 5, 10, 6, 1, 11, 7, 0, 3, 8, 4]"
12,forward_checking,9,1,0.00011682510375976562,16,"[4, 2, 10, 5, 11, 8, 0, 7, 3, 1, 6, 9]"
12,forward_checking,10,1,0.00024056434631347656,25,"[0, 2, 9, 6, 3, 10, 8, 11, 4, 1, 7, 5]"
12,forward_checking,11,1,0.0006380081176757812,68,"[9, 6, 1, 5, 11, 0, 7, 10, 4, 2, 8, 3]"
12,forward_checking,12,1,0.00011348724365234375,13,"[9, 0, 10, 3, 6, 11, 1, 8, 5, 2, 4, 7]"
12,forward_checking,13,1,0.0003845691680908203,42,"[3, 5, 7, 1, 11, 0, 8, 4, 2, 9, 6, 10]"
12,forward_checking,14,1,8.249282836914062e-05,12,"[2, 6, 11, 7, 0, 3, 9, 4, 1, 8, 10, 5]"
12,forward_checking,15,1,0.00024127960205078125,30,"[7, 11, 4, 6, 1, 3, 10, 8, 2, 5, 9, 0]"
12,forward_checking,16,1,9.417533874511719e-05,13,"[9, 1, 6, 4, 11, 8, 0, 5, 10, 2, 7, 3]"
12,forward_checking,17,1,0.0005586147308349609,59,"[3, 9, 2, 10, 8, 11, 5, 1, 6, 0, 7, 4]"
12,forward_checking,18,1,0.0004394054412841797,55,"[2, 7, 9, 0, 5, 1, 10, 6, 11, 3, 8, 4]"
12,forward_checking,19,1,0.0009832382202148438,111,"[10, 8, 2, 5, 3, 0, 7, 11, 4, 6, 1, 9]"
12,forward_checking,20,1,0.00044345855712890625,51,"[1, 10, 7, 5, 0, 2, 4, 11, 8, 3, 9, 6]"
12,forward_checking,21,1,0.0001423358917236328,19,"[10, 8, 5, 1, 4, 7, 0, 11, 9, 2, 6, 3]"
12,forward_checking,22,1,0.00010132789611816406,14,"[3, 9, 7, 4, 2, 11, 6, 1, 10, 8, 5, 0]"
12,forward_checking,23,1,0.0001327991485595703,17,"[7, 4, 11, 1, 6, 9, 3, 8, 0, 2, 10, 5]"
12,forward_checking,24,1,0.0008664131164550781,102,"[2, 9, 7, 0, 3, 6, 10, 1, 11, 5, 8, 4]"
12,forward_checking,25,1,8.988380432128906e-05,12,"[9, 6, 1, 10, 0, 7, 4, 11, 8, 2, 5, 3]"
12,forward_checking,26,1,0.00035190582275390625,38,"[0, 4, 6, 8, 10, 2, 7, 3, 1, 11, 9, 5]"
12,forward_checking,27,1,8.916854858398438e-05,12,"[1, 11, 5, 10, 4, 9, 0, 3, 7, 2, 8, 6]"
12,forward_checking,28,1,0.0002956390380859375,34,"[4, 1, 8, 6, 11, 0, 7, 5, 10, 2, 9, 3]"
12,forward_checking,29,1,0.0006434917449951172,67,"[5, 0, 11, 7, 4, 1, 8, 10, 3, 6, 2, 9]"
15,backtracking,0,1,0.0008153915405273438,83,"[5, 14, 12, 3, 6, 4, 13, 11, 0, 2, 7, 9, 1, 8, 10]"
15,backtracking,1,1,4.863739013671875e-05,15,"[10, 4, 2, 5, 12, 1, 7, 13, 6, 14, 9, 0, 3, 8, 11]"
15,backtracking,2,1,5.6743621826171875e-05,15,"[10, 7, 1, 12, 9, 2, 14, 5, 11, 0, 6, 3, 13, 8, 4]"
15,backtracking,3,1,0.0012371540069580078,108,"[8, 12, 9, 0, 3, 7, 11, 2, 14, 1, 10, 5, 13, 6, 4]"
15,backtracking,4,1,0.008390665054321289,843,"[0, 3, 1, 11, 8, 10, 13, 4, 14, 12, 6, 2, 5, 7, 9]"
15,backtracking,5,1,0.0052051544189453125,506,"[5, 13, 1, 9, 12, 6, 3, 10, 0, 4, 8, 11, 14, 2, 7]"
15,backtracking,6,1,0.0004649162292480469,52,"[13, 4, 9, 7, 14, 2, 6, 12, 0, 8, 11, 5, 3, 1, 10]"
15,backtracking,7,1,0.0004429817199707031,54,"[14, 10, 7, 2, 0, 8, 6, 13, 9, 1, 12, 5, 3, 11, 4]"
15,backtracking,8,1,0.0005757808685302734,48,"[14, 1, 5, 7, 13, 0, 12, 6, 4, 2, 11, 9, 3, 10, 8]"
15,backtracking,9,1,0.0069751739501953125,672,"[13, 0, 9, 7, 14, 1, 3, 10, 6, 11, 2, 4, 12, 8, 5]"
15,backtracking,10,1,0.000362396240234375,41,"[0, 6, 12, 5, 1, 11, 4, 10, 3, 13, 9, 2, 8, 14, 7]"
15,backtracking,11,1,0.002324819564819336,243,"[12, 14, 7, 13, 4, 6, 1, 10, 2, 11, 8, 3, 9, 0, 5]"
15,backtracking,12,1,6.771087646484375e-05,16,"[10, 2, 9, 5, 12, 4, 1, 11, 13, 3, 7, 14, 8, 6, 0]"
15,backtracking,13,1,0.002913951873779297,273,"[1, 11, 8, 3, 0, 14, 5, 10, 13, 6, 12, 2, 4, 7, 9]"
15,backtracking,14,1,0.0018124580383300781,177,"[11, 5, 12, 4, 0, 14, 9, 6, 1, 3, 7, 13, 10, 8, 2]"
15,backtracking,15,1,0.0011396408081054688,105,"[13, 2, 4, 1, 7, 10, 12, 0, 8, 3, 14, 6, 11, 9, 5]"
15,backtracking,16,1,0.0003643035888671875,44,"[9, 11, 8, 5, 2, 6, 13, 0, 12, 4, 7, 14, 3, 1, 10]"
15,backtracking,17,1,0.0014476776123046875,140,"[5, 12, 0, 7, 10, 13, 2, 4, 1, 3, 9, 11, 14, 8, 6]"
15,backtracking,18,1,9.202957153320312e-05,18,"[3, 11, 14, 2, 5, 10, 0, 13, 6, 9, 12, 8, 1, 4, 7]"
15,backtracking,19,1,0.008047342300415039,808,"[12, 6, 13, 11, 0, 3, 5, 9, 2, 10, 7, 14, 1, 8, 4]"
15,backtracking,20,1,0.0023539066314697266,230,"[14, 3, 6, 2, 7, 1, 11, 13, 8, 10, 0, 4, 9, 5, 12]"
15,backtracking,21,1,0.0006175041198730469,67,"[7, 1, 14, 9, 6, 0, 2, 4, 12, 10, 13, 3, 5, 11, 8]"
15,backtracking,22,1,0.0006756782531738281,69,"[8, 12, 0, 2, 6, 14, 9, 11, 3, 5, 10, 1, 13, 4, 7]"
15,backtracking,23,1,0.0006802082061767578,75,"[11, 13, 0, 2, 6, 8, 10, 12, 1, 3, 5, 7, 9, 4, 14]"
15,backtracking,24,1,0.0005996227264404297,55,"[10, 1, 13, 8, 5, 3, 14, 9, 4, 12, 7, 2, 11, 6, 0]"
15,backtracking,25,1,0.0006430149078369141,65,"[5, 12, 4, 6, 10, 14, 1, 3, 0, 2, 8, 11, 9, 7, 13]"
15,backtracking,26,1,0.0009107589721679688,94,"[11, 7, 4, 10, 5, 2, 14, 12, 8, 1, 13, 6, 3, 9, 0]"
15,backtracking,27,1,0.0013225078582763672,129,"[2, 13, 8, 0, 5, 10, 6, 1, 12, 7, 3, 14, 11, 9, 4]"
15,backtracking,28,1,0.005002260208129883,461,"[12, 8, 4, 1, 14, 0, 11, 7, 5, 2, 13, 10, 3, 9, 6]"
15,backtracking,29,1,0.0037860870361328125,349,"[2, 6, 8, 3, 0, 13, 5, 1, 12, 10, 7, 14, 4, 11, 9]"
15,forward_checking,0,1,0.0005464553833007812,58,"[5, 14, 12, 3, 6, 4, 13, 11, 0, 2, 7, 9, 1, 8, 10]"
15,forward_checking,1,1,0.00013184547424316406,15,"[10, 4, 2, 5, 12, 1, 7, 13, 6, 14, 9, 0, 3, 8, 11]"
15,forward_checking,2,1,0.0001304149627685547,15,"[10, 7, 1, 12, 9, 2, 14, 5, 11, 0, 6, 3, 13, 8, 4]"
15,forward_checking,3,1,0.0005609989166259766,51,"[8, 12, 9, 0, 3, 7, 11, 2, 14, 1, 10, 5, 13, 6, 4]"
15,forward_checking,4,1,0.005747318267822266,423,"[0, 3, 1, 11, 8, 10, 13, 4, 14, 12, 6, 2, 5, 7, 9]"
15,forward_checking,5,1,0.002165555953979492,198,"[5, 13, 1, 9, 12, 6, 3, 10, 0, 4, 8, 11, 14, 2, 7]"
15,forward_checking,6,1,0.0003528594970703125,34,"[13, 4, 9, 7, 14, 2, 6, 12, 0, 8, 11, 5, 3, 1, 10]"
15,forward_checking,7,1,0.0003440380096435547,33,"[14, 10, 7, 2, 0, 8, 6, 13, 9, 1, 12, 5, 3, 11, 4]"
15,forward_checking,8,1,0.00028586387634277344,28,"[14, 1, 5, 7, 13, 0, 12, 6, 4, 2, 11, 9, 3, 10, 8]"
15,forward_checking,9,1,0.0032835006713867188,305,"[13, 0, 9, 7, 14, 1, 3, 10, 6, 11, 2, 4, 12, 8, 5]"
15,forward_checking,10,1,0.0002295970916748047,23,"[0, 6, 12, 5, 1, 11, 4, 10, 3, 13, 9, 2, 8, 14, 7]"
15,forward_checking,11,1,0.0012674331665039062,117,"[12, 14, 7, 13, 4, 6, 1, 10, 2, 11, 8, 3, 9, 0, 5]"
15,forward_checking,12,1,0.0001399517059326172,15,"[10, 2, 9, 5, 12, 4, 1, 11, 13, 3, 7, 14, 8, 6, 0]"
15,forward_checking,13,1,0.0011920928955078125,109,"[1, 11, 8, 3, 0, 14, 5, 10, 13, 6, 12, 2, 4, 7, 9]"
15,forward_checking,14,1,0.000667572021484375,54,"[11, 5, 12, 4, 0, 14, 9, 6, 1, 3, 7, 13, 10, 8, 2]"
15,forward_checking,15,1,0.0005648136138916016,56,"[13, 2, 4, 1, 7, 10, 12, 0, 8, 3, 14, 6, 11, 9, 5]"
15,forward_checking,16,1,0.00029587745666503906,31,"[9, 11, 8, 5, 2, 6, 13, 0, 12, 4, 7, 14, 3, 1, 10]"
15,forward_checking,17,1,0.000804901123046875,62,"[5, 12, 0, 7, 10, 13, 2, 4, 1, 3, 9, 11, 14, 8, 6]"
15,forward_checking,18,1,0.0001659393310546875,16,"[3, 11, 14, 2, 5, 10, 0, 13, 6, 9, 12, 8, 1, 4, 7]"
15,forward_checking,19,1,0.004201173782348633,271,"[12, 6, 13, 11, 0, 3, 5, 9, 2, 10, 7, 14, 1, 8, 4]"
15,forward_checking,20,1,0.001749277114868164,116,"[14, 3, 6, 2, 7, 1, 11, 13, 8, 10, 0, 4, 9, 5, 12]"
15,forward_checking,21,1,0.0004992485046386719,36,"[7, 1, 14, 9, 6, 0, 2, 4, 12, 10, 13, 3, 5, 11, 8]"
15,forward_checking,22,1,0.0004379749298095703,32,"[8, 12, 0, 2, 6, 14, 9, 11, 3, 5, 10, 1, 13, 4, 7]"
15,forward_checking,23,1,0.0004837512969970703,34,"[11, 13, 0, 2, 6, 8, 10, 12, 1, 3, 5, 7, 9, 4, 14]"
15,forward_checking,24,1,0.00032520294189453125,28,"[10, 1, 13, 8, 5, 3, 14, 9, 4, 12, 7, 2, 11, 6, 0]"
15,forward_checking,25,1,0.0003457069396972656,29,"[5, 12, 4, 6, 10, 14, 1, 3, 0, 2, 8, 11, 9, 7, 13]"
15,forward_checking,26,1,0.0005059242248535156,40,"[11, 7, 4, 10, 5, 2, 14, 12, 8, 1, 13, 6, 3, 9, 0]"
15,forward_checking,27,1,0.0006585121154785156,56,"[2, 13, 8, 0, 5, 10, 6, 1, 12, 7, 3, 14, 11, 9, 4]"
15,forward_checking,28,1,0.0021181106567382812,165,"[12, 8, 4, 1, 14, 0, 11, 7, 5, 2, 13, 10, 3, 9, 6]"
15,forward_checking,29,1,0.0016934871673583984,141,"[2, 6, 8, 3, 0, 13, 5, 1, 12, 10, 7, 14, 4, 11, 9]"
