algorithm_name,env_n,size,best_solution,H,states,time
random,0,4,"[1, 3, 0, 2]",0,8,0.00029468536376953125
HC,0,4,"[3, 0, 2, 1]",1,3,0.0037441253662109375
SA,0,4,"[2, 0, 3, 1]",0,95,0.0013840198516845703
GA,0,4,"[2, 0, 3, 1]",0,245,0.08324360847473145
random,1,4,"[2, 0, 3, 1]",0,153,0.0009210109710693359
HC,1,4,"[1, 2, 0, 3]",1,2,0.0024673938751220703
SA,1,4,"[1, 3, 0, 2]",0,12,0.0004055500030517578
GA,1,4,"[2, 0, 3, 1]",0,13,0.0064907073974609375
random,2,4,"[1, 3, 0, 2]",0,219,0.00121307373046875
HC,2,4,"[2, 0, 3, 1]",0,3,0.0033054351806640625
SA,2,4,"[2, 0, 3, 1]",0,2,0.00015115737915039062
GA,2,4,"[1, 3, 0, 2]",0,101,0.0406031608581543
random,3,4,"[1, 3, 0, 2]",0,37,0.00032639503479003906
HC,3,4,"[1, 3, 0, 2]",0,2,0.0024569034576416016
SA,3,4,"[1, 3, 0, 2]",0,31,0.0003857612609863281
GA,3,4,"[2, 0, 3, 1]",0,58,0.0205841064453125
random,4,4,"[2, 0, 3, 1]",0,19,0.0004277229309082031
HC,4,4,"[1, 3, 0, 2]",0,3,0.0030472278594970703
SA,4,4,"[1, 3, 0, 2]",0,56,0.0004818439483642578
GA,4,4,"[2, 0, 3, 1]",0,81,0.03578782081604004
random,5,4,"[2, 0, 3, 1]",0,35,0.0003485679626464844
HC,5,4,"[0, 2, 3, 1]",1,2,0.0025615692138671875
SA,5,4,"[1, 3, 0, 2]",0,2,0.00013327598571777344
GA,5,4,"[2, 0, 3, 1]",0,103,0.042871952056884766
random,6,4,"[1, 3, 0, 2]",0,76,0.0006716251373291016
HC,6,4,"[0, 3, 1, 2]",1,3,0.003007173538208008
SA,6,4,"[1, 3, 0, 2]",0,45,0.0005774497985839844
GA,6,4,"[1, 3, 0, 2]",0,16,0.007584810256958008
random,7,4,"[1, 3, 0, 2]",0,246,0.001295328140258789
HC,7,4,"[2, 0, 3, 1]",0,3,0.002794027328491211
SA,7,4,"[2, 0, 3, 1]",0,49,0.0005013942718505859
GA,7,4,"[1, 3, 0, 2]",0,17,0.008401870727539062
random,8,4,"[2, 0, 3, 1]",0,34,0.00033926963806152344
HC,8,4,"[3, 1, 0, 2]",1,3,0.0028693675994873047
SA,8,4,"[2, 0, 3, 1]",0,57,0.000553131103515625
GA,8,4,"[1, 3, 0, 2]",0,120,0.04305291175842285
random,9,4,"[1, 3, 0, 2]",0,22,0.00027871131896972656
HC,9,4,"[3, 0, 2, 1]",1,3,0.00286102294921875
SA,9,4,"[1, 3, 0, 2]",0,34,0.00038743019104003906
GA,9,4,"[1, 3, 0, 2]",0,168,0.059687137603759766
random,10,4,"[2, 0, 3, 1]",0,50,0.00039124488830566406
HC,10,4,"[0, 3, 1, 2]",1,2,0.0017666816711425781
SA,10,4,"[1, 3, 0, 2]",0,10,0.00013136863708496094
GA,10,4,"[1, 3, 0, 2]",0,20,0.009544849395751953
random,11,4,"[2, 0, 3, 1]",0,125,0.0007565021514892578
HC,11,4,"[0, 2, 3, 1]",1,2,0.0023360252380371094
SA,11,4,"[1, 3, 0, 2]",0,58,0.0004608631134033203
GA,11,4,"[1, 3, 0, 2]",0,32,0.014056921005249023
random,12,4,"[1, 3, 0, 2]",0,26,0.0002689361572265625
HC,12,4,"[1, 3, 2, 0]",1,2,0.0023610591888427734
SA,12,4,"[2, 0, 3, 1]",0,22,0.00022840499877929688
GA,12,4,"[2, 0, 3, 1]",0,44,0.019657373428344727
random,13,4,"[1, 3, 0, 2]",0,86,0.00057220458984375
HC,13,4,"[2, 0, 3, 1]",0,2,0.003374338150024414
SA,13,4,"[1, 3, 0, 2]",0,21,0.0003294944763183594
GA,13,4,"[2, 0, 3, 1]",0,10,0.004225254058837891
random,14,4,"[1, 3, 0, 2]",0,160,0.0008513927459716797
HC,14,4,"[3, 0, 2, 1]",1,3,0.00238800048828125
SA,14,4,"[1, 3, 0, 2]",0,90,0.0005624294281005859
GA,14,4,"[1, 3, 0, 2]",0,52,0.022484302520751953
random,15,4,"[1, 3, 0, 2]",0,410,0.0023453235626220703
HC,15,4,"[2, 0, 3, 1]",0,2,0.0027933120727539062
SA,15,4,"[2, 0, 3, 1]",0,22,0.0002446174621582031
GA,15,4,"[2, 0, 3, 1]",0,92,0.03219461441040039
random,16,4,"[1, 3, 0, 2]",0,316,0.001493692398071289
HC,16,4,"[0, 2, 3, 1]",1,3,0.003133058547973633
SA,16,4,"[2, 0, 3, 1]",0,4,0.0002009868621826172
GA,16,4,"[1, 3, 0, 2]",0,38,0.01613759994506836
random,17,4,"[1, 3, 0, 2]",0,35,0.0003097057342529297
HC,17,4,"[2, 0, 1, 3]",1,2,0.0030345916748046875
SA,17,4,"[2, 0, 3, 1]",0,14,0.0001761913299560547
GA,17,4,"[2, 0, 3, 1]",0,12,0.004995107650756836
random,18,4,"[2, 0, 3, 1]",0,79,0.0012011528015136719
HC,18,4,"[2, 0, 3, 1]",0,4,0.0029938220977783203
SA,18,4,"[2, 0, 3, 1]",0,93,0.0006737709045410156
GA,18,4,"[1, 3, 0, 2]",0,68,0.0255587100982666
random,19,4,"[1, 3, 0, 2]",0,409,0.0035593509674072266
HC,19,4,"[0, 2, 3, 1]",1,3,0.003262758255004883
SA,19,4,"[1, 3, 0, 2]",0,5,0.00017690658569335938
GA,19,4,"[1, 3, 0, 2]",0,15,0.00606846809387207
random,20,4,"[1, 3, 0, 2]",0,17,0.00030112266540527344
HC,20,4,"[3, 1, 0, 2]",1,1,0.0029916763305664062
SA,20,4,"[2, 0, 3, 1]",0,26,0.00044417381286621094
GA,20,4,"[1, 3, 0, 2]",0,103,0.03665661811828613
random,21,4,"[1, 3, 0, 2]",0,4,0.0001518726348876953
HC,21,4,"[0, 3, 1, 2]",1,3,0.0038340091705322266
SA,21,4,"[2, 0, 3, 1]",0,65,0.0008652210235595703
GA,21,4,"[1, 3, 0, 2]",0,19,0.007850885391235352
random,22,4,"[1, 3, 0, 2]",0,33,0.0003323554992675781
HC,22,4,"[0, 2, 1, 3]",2,1,0.0020241737365722656
SA,22,4,"[2, 0, 3, 1]",0,35,0.0003268718719482422
GA,22,4,"[2, 0, 3, 1]",0,107,0.03795599937438965
random,23,4,"[2, 0, 3, 1]",0,111,0.0007894039154052734
HC,23,4,"[3, 0, 2, 1]",1,3,0.002657651901245117
SA,23,4,"[2, 0, 3, 1]",0,77,0.0006043910980224609
GA,23,4,"[2, 0, 3, 1]",0,5,0.003185749053955078
random,24,4,"[1, 3, 0, 2]",0,208,0.0020613670349121094
HC,24,4,"[3, 1, 0, 2]",1,2,0.0029745101928710938
SA,24,4,"[1, 3, 0, 2]",0,55,0.0005211830139160156
GA,24,4,"[1, 3, 0, 2]",0,183,0.06500935554504395
random,25,4,"[1, 3, 0, 2]",0,65,0.0004448890686035156
HC,25,4,"[2, 0, 3, 1]",0,3,0.0034677982330322266
SA,25,4,"[2, 0, 3, 1]",0,18,0.0002684593200683594
GA,25,4,"[1, 3, 0, 2]",0,159,0.05481266975402832
random,26,4,"[2, 0, 3, 1]",0,490,0.003436565399169922
HC,26,4,"[3, 0, 2, 1]",1,2,0.0032808780670166016
SA,26,4,"[1, 3, 0, 2]",0,115,0.001245260238647461
GA,26,4,"[2, 0, 3, 1]",0,80,0.03161311149597168
random,27,4,"[1, 3, 0, 2]",0,23,0.0002918243408203125
HC,27,4,"[1, 3, 0, 2]",0,3,0.0036458969116210938
SA,27,4,"[2, 0, 3, 1]",0,24,0.00045180320739746094
GA,27,4,"[1, 3, 0, 2]",0,6,0.004321575164794922
random,28,4,"[2, 0, 3, 1]",0,173,0.0010399818420410156
HC,28,4,"[1, 3, 0, 2]",0,3,0.002470254898071289
SA,28,4,"[2, 0, 3, 1]",0,8,0.000148773193359375
GA,28,4,"[1, 3, 0, 2]",0,43,0.01712965965270996
random,29,4,"[2, 0, 3, 1]",0,179,0.0010576248168945312
HC,29,4,"[2, 0, 3, 1]",0,3,0.002748250961303711
SA,29,4,"[1, 3, 0, 2]",0,75,0.0010373592376708984
GA,29,4,"[2, 0, 3, 1]",0,37,0.012984752655029297
random,0,8,"[3, 6, 6, 2, 0, 4, 7, 5]",2,2000,0.023915529251098633
HC,0,8,"[1, 3, 0, 7, 4, 2, 5, 6]",1,4,0.006785869598388672
SA,0,8,"[4, 2, 7, 3, 6, 0, 5, 1]",0,288,0.005831480026245117
GA,0,8,"[1, 4, 6, 0, 2, 7, 5, 3]",0,55,0.05392169952392578
random,1,8,"[1, 5, 7, 2, 0, 3, 1, 4]",1,2000,0.02362513542175293
HC,1,8,"[0, 4, 1, 1, 6, 6, 3, 0]",3,4,0.007753849029541016
SA,1,8,"[6, 1, 3, 0, 7, 4, 2, 5]",0,140,0.003072500228881836
GA,1,8,"[4, 6, 1, 2, 5, 7, 0, 3]",1,1999,1.5548923015594482
random,2,8,"[1, 5, 7, 0, 3, 6, 4, 2]",2,2000,0.025558948516845703
HC,2,8,"[6, 3, 1, 7, 4, 0, 7, 5]",1,5,0.006466865539550781
SA,2,8,"[4, 1, 5, 0, 6, 3, 7, 2]",0,147,0.002859830856323242
GA,2,8,"[2, 7, 3, 3, 0, 4, 1, 5]",1,1999,1.4872291088104248
random,3,8,"[1, 2, 5, 1, 4, 7, 3, 6]",2,2000,0.020934104919433594
HC,3,8,"[3, 5, 0, 4, 1, 7, 6, 2]",1,5,0.007841348648071289
SA,3,8,"[2, 5, 7, 0, 4, 6, 1, 3]",0,529,0.008995771408081055
GA,3,8,"[5, 2, 0, 7, 4, 1, 3, 6]",0,660,0.5076959133148193
random,4,8,"[3, 6, 2, 5, 2, 0, 7, 3]",2,2000,0.02120232582092285
HC,4,8,"[1, 6, 2, 5, 7, 4, 0, 3]",0,5,0.007073640823364258
SA,4,8,"[4, 0, 7, 3, 1, 6, 2, 5]",0,1610,0.031352996826171875
GA,4,8,"[7, 4, 2, 0, 6, 3, 5, 2]",1,1999,1.4898605346679688
random,5,8,"[6, 0, 5, 1, 4, 7, 2, 2]",2,2000,0.023137569427490234
HC,5,8,"[0, 2, 7, 5, 3, 1, 6, 4]",1,4,0.00617527961730957
SA,5,8,"[4, 1, 5, 0, 6, 3, 7, 2]",0,778,0.014258146286010742
GA,5,8,"[7, 0, 4, 6, 1, 6, 2, 5]",1,1999,1.5453176498413086
random,6,8,"[2, 7, 3, 0, 2, 4, 5, 3]",3,2000,0.022901296615600586
HC,6,8,"[5, 0, 6, 4, 2, 7, 3, 3]",1,4,0.005948543548583984
SA,6,8,"[4, 0, 7, 3, 1, 6, 2, 5]",0,288,0.004550933837890625
GA,6,8,"[2, 5, 7, 1, 3, 0, 6, 4]",0,66,0.06032252311706543
random,7,8,"[1, 7, 4, 6, 3, 0, 2, 5]",1,2000,0.025081157684326172
HC,7,8,"[3, 3, 7, 4, 1, 5, 0, 6]",1,2,0.0051119327545166016
SA,7,8,"[3, 6, 4, 2, 0, 5, 7, 1]",0,206,0.0034508705139160156
GA,7,8,"[3, 6, 4, 7, 2, 0, 5, 1]",1,1999,1.5463545322418213
random,8,8,"[4, 1, 5, 0, 3, 6, 2, 2]",2,2000,0.023098230361938477
HC,8,8,"[4, 2, 1, 5, 7, 0, 6, 3]",1,4,0.0062541961669921875
SA,8,8,"[6, 3, 1, 4, 7, 0, 2, 5]",0,416,0.007675886154174805
GA,8,8,"[3, 5, 7, 1, 6, 0, 2, 4]",0,33,0.031822919845581055
random,9,8,"[0, 5, 1, 6, 0, 3, 7, 4]",1,2000,0.0839684009552002
HC,9,8,"[3, 7, 0, 2, 5, 7, 1, 4]",1,4,0.009402275085449219
SA,9,8,"[3, 5, 0, 4, 1, 7, 2, 6]",0,700,0.011877298355102539
GA,9,8,"[2, 2, 5, 7, 0, 3, 6, 4]",1,1999,1.5212070941925049
random,10,8,"[4, 6, 3, 0, 2, 7, 1, 6]",2,2000,0.02868032455444336
HC,10,8,"[2, 4, 6, 3, 0, 2, 7, 5]",1,4,0.005938529968261719
SA,10,8,"[3, 1, 6, 4, 0, 7, 5, 2]",0,566,0.010118961334228516
GA,10,8,"[1, 6, 0, 0, 4, 7, 5, 2]",1,1999,1.6195383071899414
random,11,8,"[3, 7, 5, 3, 1, 6, 4, 2]",2,2000,0.024666309356689453
HC,11,8,"[6, 0, 3, 1, 4, 7, 5, 2]",1,5,0.00812387466430664
SA,11,8,"[4, 6, 0, 2, 7, 5, 3, 1]",0,215,0.00431060791015625
GA,11,8,"[6, 3, 1, 7, 4, 0, 7, 5]",1,1999,1.52048659324646
random,12,8,"[5, 1, 4, 2, 7, 3, 6, 0]",2,2000,0.02338099479675293
HC,12,8,"[1, 4, 7, 0, 3, 5, 2, 5]",1,4,0.004608869552612305
SA,12,8,"[6, 0, 2, 7, 5, 3, 1, 4]",0,334,0.005395412445068359
GA,12,8,"[3, 6, 2, 7, 1, 4, 0, 5]",0,15,0.019571781158447266
random,13,8,"[2, 4, 7, 2, 0, 6, 1, 5]",2,2000,0.028311967849731445
HC,13,8,"[3, 3, 7, 2, 5, 1, 6, 0]",2,3,0.006255149841308594
SA,13,8,"[2, 5, 7, 0, 3, 6, 4, 1]",0,1788,0.03131103515625
GA,13,8,"[5, 3, 1, 6, 2, 5, 7, 4]",1,1999,1.472316026687622
random,14,8,"[5, 4, 6, 0, 5, 7, 1, 3]",2,2000,0.02504754066467285
HC,14,8,"[6, 5, 2, 4, 7, 0, 3, 1]",1,3,0.0061206817626953125
SA,14,8,"[3, 6, 4, 1, 5, 0, 2, 7]",0,205,0.0052394866943359375
GA,14,8,"[2, 5, 1, 4, 0, 6, 3, 7]",1,1999,1.4892935752868652
random,15,8,"[3, 0, 6, 5, 7, 1, 4, 2]",2,2000,0.022741079330444336
HC,15,8,"[6, 1, 3, 7, 0, 2, 5, 1]",1,4,0.005925655364990234
SA,15,8,"[5, 1, 6, 0, 3, 7, 4, 2]",0,726,0.012578010559082031
GA,15,8,"[5, 2, 6, 1, 3, 7, 0, 4]",0,76,0.06578993797302246
random,16,8,"[2, 3, 6, 0, 4, 1, 7, 5]",2,2000,0.02118825912475586
HC,16,8,"[5, 7, 2, 4, 6, 1, 3, 0]",1,5,0.00637507438659668
SA,16,8,"[0, 4, 7, 5, 2, 6, 1, 3]",0,904,0.015616893768310547
GA,16,8,"[3, 6, 0, 7, 4, 1, 5, 2]",0,1274,1.0611834526062012
random,17,8,"[0, 3, 6, 0, 2, 4, 1, 5]",2,2000,0.020082712173461914
HC,17,8,"[2, 5, 7, 0, 3, 6, 4, 1]",0,6,0.008151769638061523
SA,17,8,"[6, 0, 2, 7, 5, 3, 1, 4]",0,148,0.002697467803955078
GA,17,8,"[5, 1, 6, 0, 2, 4, 7, 3]",0,93,0.0782930850982666
random,18,8,"[3, 7, 0, 5, 3, 1, 6, 2]",2,2000,0.023196935653686523
HC,18,8,"[2, 7, 3, 0, 0, 5, 1, 6]",1,4,0.006034374237060547
SA,18,8,"[5, 3, 6, 0, 7, 1, 4, 2]",0,131,0.002930164337158203
GA,18,8,"[5, 3, 1, 6, 2, 5, 7, 0]",1,1999,1.5129225254058838
random,19,8,"[7, 3, 6, 2, 5, 1, 4, 4]",1,2000,0.021647930145263672
HC,19,8,"[4, 1, 5, 6, 2, 0, 7, 3]",1,5,0.007256746292114258
SA,19,8,"[3, 0, 4, 7, 1, 6, 2, 5]",0,225,0.004705905914306641
GA,19,8,"[7, 1, 6, 6, 2, 0, 5, 3]",1,1999,1.5998437404632568
random,20,8,"[2, 5, 7, 0, 7, 3, 6, 1]",2,2000,0.021172046661376953
HC,20,8,"[6, 0, 7, 5, 1, 2, 4, 3]",2,4,0.0049512386322021484
SA,20,8,"[6, 2, 5, 1, 6, 0, 3, 7]",1,2000,0.033319711685180664
GA,20,8,"[2, 4, 7, 3, 0, 6, 1, 5]",0,418,0.31429052352905273
random,21,8,"[1, 3, 6, 2, 7, 4, 6, 0]",2,2000,0.020851612091064453
HC,21,8,"[5, 1, 4, 7, 0, 2, 3, 6]",1,5,0.00680851936340332
SA,21,8,"[4, 2, 0, 6, 1, 7, 5, 3]",0,321,0.005186557769775391
GA,21,8,"[6, 3, 1, 4, 7, 0, 2, 5]",0,52,0.049330949783325195
random,22,8,"[5, 2, 4, 1, 7, 4, 6, 3]",1,2000,0.02563023567199707
HC,22,8,"[3, 0, 6, 4, 2, 5, 1, 4]",2,4,0.006180286407470703
SA,22,8,"[6, 3, 1, 7, 5, 0, 2, 4]",0,354,0.007241487503051758
GA,22,8,"[2, 4, 1, 7, 5, 3, 6, 0]",0,35,0.0379180908203125
random,23,8,"[6, 3, 0, 7, 5, 2, 6, 4]",2,2000,0.028805255889892578
HC,23,8,"[5, 2, 4, 6, 0, 3, 1, 7]",0,7,0.00933980941772461
SA,23,8,"[2, 6, 1, 7, 4, 0, 3, 5]",0,1233,0.019289493560791016
GA,23,8,"[4, 2, 0, 6, 1, 7, 5, 3]",0,1926,1.5181844234466553
random,24,8,"[7, 1, 6, 0, 6, 4, 2, 5]",2,2000,0.023979902267456055
HC,24,8,"[5, 1, 6, 4, 2, 7, 3, 3]",1,4,0.005767822265625
SA,24,8,"[3, 7, 0, 4, 6, 1, 5, 2]",0,1500,0.028514385223388672
GA,24,8,"[1, 7, 5, 0, 2, 4, 6, 3]",0,64,0.061861276626586914
random,25,8,"[5, 5, 1, 4, 0, 7, 3, 6]",2,2000,0.02189016342163086
HC,25,8,"[2, 4, 1, 7, 5, 3, 0, 7]",1,4,0.009644031524658203
SA,25,8,"[7, 2, 0, 5, 1, 4, 6, 3]",0,150,0.002531766891479492
GA,25,8,"[2, 4, 1, 7, 5, 3, 6, 0]",0,701,0.5469856262207031
random,26,8,"[1, 4, 0, 3, 6, 2, 5, 2]",1,2000,0.021475791931152344
HC,26,8,"[4, 0, 1, 5, 7, 2, 6, 3]",1,3,0.00649714469909668
SA,26,8,"[5, 3, 0, 4, 7, 1, 6, 2]",0,142,0.0030465126037597656
GA,26,8,"[4, 6, 0, 5, 3, 1, 7, 2]",1,1999,1.5572340488433838
random,27,8,"[7, 0, 0, 2, 5, 1, 6, 4]",2,2000,0.02400517463684082
HC,27,8,"[6, 1, 2, 5, 7, 0, 4, 3]",2,4,0.006388187408447266
SA,27,8,"[3, 1, 6, 2, 5, 7, 0, 4]",0,191,0.003785848617553711
GA,27,8,"[7, 7, 4, 1, 5, 0, 6, 3]",1,1999,1.4648990631103516
random,28,8,"[5, 3, 0, 7, 7, 2, 1, 6]",2,2000,0.021553516387939453
HC,28,8,"[5, 0, 2, 6, 2, 7, 1, 3]",1,4,0.006524562835693359
SA,28,8,"[6, 1, 5, 2, 0, 3, 7, 4]",0,163,0.002640247344970703
GA,28,8,"[5, 1, 6, 0, 2, 4, 7, 3]",0,404,0.3181798458099365
random,29,8,"[2, 5, 3, 7, 0, 3, 1, 4]",2,2000,0.023128509521484375
HC,29,8,"[6, 4, 7, 5, 0, 2, 1, 7]",2,3,0.005873203277587891
SA,29,8,"[5, 3, 6, 0, 2, 4, 1, 7]",0,384,0.006984710693359375
GA,29,8,"[5, 7, 4, 0, 2, 6, 1, 3]",1,1999,1.4573934078216553
random,0,10,"[9, 2, 4, 7, 1, 8, 6, 3, 0, 4]",3,2000,0.035900115966796875
HC,0,10,"[7, 3, 6, 2, 2, 5, 3, 8, 4, 9]",3,3,0.008078336715698242
SA,0,10,"[7, 0, 3, 8, 6, 9, 2, 5, 1, 4]",0,645,0.018225431442260742
GA,0,10,"[5, 1, 4, 6, 3, 9, 2, 8, 2, 7]",1,1999,2.1838176250457764
random,1,10,"[0, 7, 8, 6, 1, 9, 5, 0, 6, 3]",4,2000,0.042349815368652344
HC,1,10,"[9, 3, 1, 7, 4, 8, 1, 5, 2, 6]",2,3,0.009046554565429688
SA,1,10,"[6, 9, 5, 2, 0, 7, 3, 1, 8, 4]",0,644,0.01860213279724121
GA,1,10,"[5, 1, 6, 4, 0, 7, 3, 9, 2, 8]",1,1999,2.12062406539917
random,2,10,"[0, 7, 0, 3, 9, 2, 5, 8, 1, 5]",3,2000,0.03211569786071777
HC,2,10,"[8, 0, 9, 4, 2, 0, 3, 7, 5, 1]",2,5,0.009836912155151367
SA,2,10,"[3, 7, 4, 2, 0, 9, 1, 5, 8, 6]",0,1139,0.031388282775878906
GA,2,10,"[6, 9, 2, 4, 8, 0, 3, 1, 7, 5]",0,67,0.08126688003540039
random,3,10,"[5, 2, 6, 7, 5, 1, 9, 0, 8, 3]",3,2000,0.030552387237548828
HC,3,10,"[1, 6, 8, 6, 2, 0, 5, 7, 5, 3]",2,5,0.010237932205200195
SA,3,10,"[9, 3, 5, 8, 1, 9, 0, 6, 4, 7]",1,2000,0.05144810676574707
GA,3,10,"[0, 5, 7, 9, 3, 6, 8, 1, 2, 4]",1,1999,2.1195104122161865
random,4,10,"[4, 6, 1, 9, 2, 7, 7, 1, 3, 5]",3,2000,0.032668113708496094
HC,4,10,"[7, 5, 2, 8, 6, 0, 3, 1, 9, 7]",1,6,0.012760162353515625
SA,4,10,"[5, 9, 2, 4, 8, 3, 0, 6, 1, 7]",1,2000,0.05750775337219238
GA,4,10,"[2, 7, 3, 6, 0, 9, 5, 5, 8, 1]",1,1999,2.1404826641082764
random,5,10,"[5, 4, 9, 0, 8, 1, 7, 2, 6, 0]",3,2000,0.032479286193847656
HC,5,10,"[2, 5, 8, 6, 0, 3, 1, 4, 9, 7]",1,6,0.011466503143310547
SA,5,10,"[7, 0, 4, 8, 1, 3, 6, 2, 9, 5]",0,440,0.06784343719482422
GA,5,10,"[4, 1, 5, 8, 6, 3, 0, 2, 9, 7]",1,1999,2.199913740158081
random,6,10,"[9, 6, 8, 3, 1, 0, 7, 4, 2, 5]",3,2000,0.032592058181762695
HC,6,10,"[0, 7, 4, 8, 3, 9, 3, 5, 2, 1]",2,5,0.01092839241027832
SA,6,10,"[4, 9, 0, 5, 3, 1, 7, 2, 8, 6]",0,678,0.01840949058532715
GA,6,10,"[8, 1, 7, 4, 2, 0, 5, 9, 6, 3]",1,1999,2.13778018951416
random,7,10,"[9, 3, 5, 2, 2, 8, 6, 4, 7, 1]",3,2000,0.0308225154876709
HC,7,10,"[8, 0, 5, 3, 6, 9, 4, 8, 1, 2]",3,4,0.008494377136230469
SA,7,10,"[1, 9, 2, 6, 8, 3, 0, 4, 7, 5]",0,1323,0.037906646728515625
GA,7,10,"[2, 6, 1, 7, 5, 3, 0, 4, 8, 9]",1,1999,2.3228354454040527
random,8,10,"[2, 0, 9, 7, 5, 2, 9, 1, 4, 8]",3,2000,0.03216671943664551
HC,8,10,"[4, 7, 9, 6, 2, 1, 8, 0, 5, 3]",1,7,0.01198577880859375
SA,8,10,"[6, 2, 5, 1, 9, 0, 3, 7, 4, 8]",0,1251,0.03316545486450195
GA,8,10,"[5, 8, 4, 0, 3, 6, 9, 7, 2, 1]",1,1999,2.1595418453216553
random,9,10,"[3, 6, 4, 9, 9, 0, 5, 1, 8, 6]",3,2000,0.037180185317993164
HC,9,10,"[6, 1, 9, 4, 1, 3, 8, 2, 0, 8]",3,4,0.00818943977355957
SA,9,10,"[8, 5, 0, 2, 0, 6, 9, 7, 1, 4]",1,2000,0.054259300231933594
GA,9,10,"[9, 5, 3, 8, 0, 2, 6, 1, 7, 4]",0,1925,2.1069324016571045
random,10,10,"[0, 8, 6, 4, 9, 7, 1, 3, 7, 5]",3,2000,0.032334089279174805
HC,10,10,"[9, 1, 3, 4, 6, 8, 0, 5, 7, 2]",1,5,0.010277748107910156
SA,10,10,"[7, 5, 8, 2, 0, 3, 6, 4, 9, 4]",1,2000,0.052465200424194336
GA,10,10,"[2, 0, 8, 3, 9, 6, 9, 1, 4, 7]",1,1999,2.1521780490875244
random,11,10,"[8, 5, 3, 9, 2, 7, 1, 6, 2, 0]",3,2000,0.03453254699707031
HC,11,10,"[4, 7, 3, 8, 6, 1, 9, 5, 2, 0]",1,6,0.009842872619628906
SA,11,10,"[3, 7, 0, 8, 5, 1, 6, 9, 2, 4]",0,583,0.01973247528076172
GA,11,10,"[4, 6, 8, 0, 2, 7, 5, 8, 1, 9]",1,1999,2.2117245197296143
random,12,10,"[5, 3, 0, 7, 3, 4, 9, 1, 4, 2]",3,2000,0.03059864044189453
HC,12,10,"[5, 0, 6, 0, 2, 8, 1, 3, 1, 9]",2,4,0.00938868522644043
SA,12,10,"[6, 4, 0, 7, 9, 2, 5, 8, 1, 3]",0,630,0.020878314971923828
GA,12,10,"[5, 1, 9, 7, 3, 8, 0, 2, 4, 6]",0,36,0.0489957332611084
random,13,10,"[2, 7, 1, 8, 0, 5, 3, 6, 9, 4]",2,2000,0.03249764442443848
HC,13,10,"[1, 8, 2, 5, 7, 0, 4, 9, 4, 6]",2,5,0.010543346405029297
SA,13,10,"[5, 1, 8, 4, 2, 7, 9, 6, 3, 0]",0,678,0.020580768585205078
GA,13,10,"[0, 6, 8, 1, 5, 9, 2, 4, 7, 3]",0,77,0.09505033493041992
random,14,10,"[8, 1, 3, 7, 2, 7, 9, 6, 0, 0]",3,2000,0.028347253799438477
HC,14,10,"[7, 2, 6, 3, 9, 0, 5, 5, 8, 1]",2,6,0.01125478744506836
SA,14,10,"[6, 2, 7, 5, 0, 9, 1, 4, 8, 3]",0,285,0.008481979370117188
GA,14,10,"[5, 7, 2, 4, 8, 8, 0, 9, 6, 1]",1,1999,2.1222100257873535
random,15,10,"[1, 3, 0, 6, 1, 9, 2, 5, 7, 9]",3,2000,0.03812861442565918
HC,15,10,"[8, 1, 3, 9, 6, 4, 1, 5, 0, 2]",3,4,0.008861780166625977
SA,15,10,"[9, 7, 4, 2, 0, 5, 1, 8, 6, 3]",0,754,0.019938945770263672
GA,15,10,"[6, 1, 5, 0, 8, 4, 2, 3, 9, 7]",1,1999,2.1616153717041016
random,16,10,"[9, 2, 5, 7, 1, 3, 0, 2, 8, 4]",3,2000,0.03102898597717285
HC,16,10,"[7, 5, 1, 6, 9, 3, 8, 0, 2, 4]",2,5,0.009548425674438477
SA,16,10,"[3, 0, 6, 9, 5, 1, 8, 4, 2, 7]",0,800,0.02202773094177246
GA,16,10,"[7, 4, 1, 9, 2, 6, 3, 1, 8, 5]",1,1999,2.142115831375122
random,17,10,"[1, 6, 4, 9, 7, 0, 3, 9, 6, 8]",3,2000,0.03178858757019043
HC,17,10,"[0, 3, 5, 8, 2, 9, 4, 1, 7, 6]",2,5,0.010352134704589844
SA,17,10,"[7, 5, 1, 9, 4, 0, 3, 8, 6, 2]",0,1924,0.04940056800842285
GA,17,10,"[8, 3, 8, 2, 7, 1, 6, 0, 9, 4]",1,1999,2.1334409713745117
random,18,10,"[4, 8, 3, 5, 8, 2, 9, 0, 7, 1]",4,2000,0.02974724769592285
HC,18,10,"[5, 7, 2, 4, 8, 1, 9, 3, 6, 0]",1,4,0.010167121887207031
SA,18,10,"[0, 2, 5, 7, 9, 4, 8, 1, 3, 6]",0,426,0.012616157531738281
GA,18,10,"[3, 1, 8, 5, 2, 9, 7, 0, 4, 6]",0,441,0.4827113151550293
random,19,10,"[2, 9, 5, 9, 5, 1, 6, 6, 3, 7]",4,2000,0.03101348876953125
HC,19,10,"[3, 1, 6, 9, 0, 4, 8, 0, 5, 7]",1,7,0.013132572174072266
SA,19,10,"[6, 4, 7, 0, 3, 5, 8, 1, 9, 2]",0,506,0.016320228576660156
GA,19,10,"[2, 5, 3, 0, 7, 4, 1, 1, 6, 9]",1,1999,2.149453639984131
random,20,10,"[2, 8, 7, 3, 8, 6, 9, 0, 2, 5]",3,2000,0.031487464904785156
HC,20,10,"[2, 8, 1, 4, 9, 0, 6, 3, 0, 7]",1,6,0.011900901794433594
SA,20,10,"[3, 6, 9, 1, 4, 7, 0, 2, 5, 8]",0,244,0.007338285446166992
GA,20,10,"[2, 4, 1, 7, 9, 3, 6, 8, 5, 0]",1,1999,2.1629183292388916
random,21,10,"[0, 5, 3, 6, 9, 4, 1, 5, 8, 2]",3,2000,0.02813124656677246
HC,21,10,"[6, 9, 2, 5, 7, 0, 3, 0, 4, 8]",1,7,0.013885974884033203
SA,21,10,"[7, 9, 4, 1, 5, 0, 2, 6, 8, 3]",0,1010,0.028775691986083984
GA,21,10,"[1, 6, 0, 2, 7, 5, 3, 9, 4, 4]",1,1999,2.171142578125
random,22,10,"[4, 1, 9, 5, 2, 0, 3, 8, 7, 5]",2,2000,0.032242536544799805
HC,22,10,"[8, 6, 1, 3, 5, 0, 9, 4, 2, 7]",0,6,0.010168075561523438
SA,22,10,"[2, 7, 5, 0, 8, 1, 4, 6, 3, 9]",0,1082,0.03002190589904785
GA,22,10,"[6, 4, 2, 0, 8, 3, 7, 9, 1, 5]",0,706,0.7660658359527588
random,23,10,"[7, 4, 4, 0, 9, 3, 5, 7, 2, 0]",3,2000,0.0325169563293457
HC,23,10,"[6, 1, 3, 5, 8, 4, 9, 0, 2, 7]",0,6,0.010894060134887695
SA,23,10,"[2, 9, 5, 3, 0, 4, 7, 1, 6, 8]",1,2000,0.054662466049194336
GA,23,10,"[4, 0, 5, 8, 1, 7, 2, 3, 6, 9]",1,1999,2.255091905593872
random,24,10,"[3, 6, 9, 5, 1, 4, 0, 8, 0, 9]",3,2000,0.032732248306274414
HC,24,10,"[1, 4, 6, 1, 3, 7, 0, 2, 8, 5]",1,5,0.010567903518676758
SA,24,10,"[6, 4, 9, 1, 3, 7, 2, 8, 5, 0]",0,500,0.01645493507385254
GA,24,10,"[0, 2, 5, 8, 6, 9, 3, 1, 7, 4]",0,256,0.29045891761779785
random,25,10,"[1, 5, 8, 5, 3, 0, 6, 4, 2, 7]",2,2000,0.0484619140625
HC,25,10,"[3, 6, 0, 9, 0, 4, 8, 1, 5, 2]",1,5,0.009155511856079102
SA,25,10,"[9, 5, 3, 8, 4, 7, 1, 6, 2, 5]",1,2000,0.056569576263427734
GA,25,10,"[5, 3, 8, 4, 7, 9, 0, 6, 1, 7]",1,1999,2.287461996078491
random,26,10,"[0, 6, 4, 9, 1, 3, 8, 8, 3, 5]",4,2000,0.035009145736694336
HC,26,10,"[7, 0, 6, 9, 2, 4, 8, 3, 5, 1]",2,5,0.010034799575805664
SA,26,10,"[1, 4, 0, 8, 3, 7, 2, 2, 5, 9]",1,2000,0.056925296783447266
GA,26,10,"[8, 3, 0, 4, 7, 9, 6, 2, 5, 1]",0,54,0.06970024108886719
random,27,10,"[3, 5, 8, 2, 7, 7, 4, 6, 1, 9]",4,2000,0.029996871948242188
HC,27,10,"[5, 9, 1, 6, 4, 3, 0, 8, 4, 2]",2,5,0.026735305786132812
SA,27,10,"[9, 0, 5, 1, 6, 0, 2, 4, 8, 3]",1,2000,0.10326123237609863
GA,27,10,"[5, 9, 4, 0, 8, 3, 1, 7, 7, 2]",1,1999,2.1395273208618164
random,28,10,"[1, 9, 1, 2, 7, 9, 3, 0, 8, 4]",3,2000,0.0292356014251709
HC,28,10,"[8, 5, 1, 4, 0, 7, 9, 2, 6, 9]",1,5,0.01036691665649414
SA,28,10,"[5, 2, 4, 1, 7, 9, 6, 3, 0, 8]",0,354,0.01090693473815918
GA,28,10,"[3, 1, 8, 4, 0, 7, 5, 2, 9, 6]",1,1999,2.1669020652770996
random,29,10,"[5, 8, 4, 9, 7, 3, 1, 3, 0, 9]",3,2000,0.030351638793945312
HC,29,10,"[8, 3, 1, 9, 7, 5, 0, 2, 6, 4]",1,5,0.011603593826293945
SA,29,10,"[3, 9, 0, 8, 5, 2, 6, 1, 7, 4]",0,925,0.023407459259033203
GA,29,10,"[9, 0, 3, 8, 4, 8, 1, 5, 2, 6]",1,1999,2.1981704235076904
